<?xml version="1.0" encoding="UTF-8"?>
<Configuration status="WARN" monitorInterval="30">
    <Appenders>
        <!-- Rolling File Appender -->
        <RollingFile name="RollingFile" fileName="logs/app.log"
                     filePattern="logs/app-%d{yyyy-MM-dd}-%i.log.gz">
            <PatternLayout>
                <pattern>%d{yyyy-MM-dd HH:mm:ss} [%t] %-5level %logger{36} - %msg%n</pattern>
            </PatternLayout>
            <Policies>
                <TimeBasedTriggeringPolicy />
                <SizeBasedTriggeringPolicy size="10MB" />
            </Policies>
            <DefaultRolloverStrategy max="7" />
        </RollingFile>
    </Appenders>

    <Loggers>
        <!-- Root logger -->
        <Root level="info">
            <AppenderRef ref="RollingFile"/>
        </Root>

        <!-- Custom logger example -->
        <Logger name="com.example" level="debug" additivity="false">
            <AppenderRef ref="RollingFile"/>
        </Logger>
    </Loggers>
</Configuration>